study,soil_texture,citation,sampling_year,main_rooting_zone_(cm),sand,silt,clay,bd_(g_m3),som_(g_g),soc_(g_g),soil_total_c_(g_g),soil_total_n_(g_g),soil_cn,ph_h2o,ph_cacl2,other_info
oldebroek,sand,sowerby_et_al_2010,NA,80,NA,NA,NA,110000,0.65,NA,NA,NA,22.5,3.9,NA,sandy_podzol
wales,NA,dominguez_et_al_2017,2012,NA,NA,NA,NA,NA,NA,NA,NA,NA,25,4.14,NA,ferric_stagnopodzol
fruebuel,silt_loam,NA,NA,NA,19.2,55.9,24.9,NA,NA,NA,NA,NA,NA,4.3,NA,NA
thuringerschiefer12,silty_clay_loam,NA,NA,10,14.65,50.9,34.45,NA,NA,NA,NA,NA,NA,4.5,NA,NA
fruebuel2,silt_loam,hartmann_&_niklaus_2012,2009,NA,37,56,7,NA,NA,NA,NA,NA,NA,4.7,NA,NA
thuringerschiefer13,silty_clay_loam,NA,NA,10,14.7,53.6,31.7,NA,NA,NA,NA,NA,NA,4.8,NA,NA
gdfr,NA,cleveland_et_al_2006,NA,NA,5,18.8,76.2,NA,NA,NA,0.062,0.005,12.4,4.9,NA,ultisol
alp_weissenstein2,silt_loam,hartmann_&_niklaus_2012,2009,50,35,59,6,NA,NA,NA,NA,NA,NA,5,NA,NA
ufra,NA,vasconcelos_et_al_2012,NA,NA,74,6,20,NA,NA,0.02,NA,0.0015,14.4,5,NA,sombriustox
thuringerschiefer19,loam,NA,NA,10,27.25,48.5,24.25,NA,NA,NA,NA,NA,NA,5,NA,NA
thuringerschiefer10,loam,NA,NA,10,30.6,42.65,26.75,NA,NA,NA,NA,NA,NA,5.03,NA,NA
thuringerschiefer14,clay_loam,NA,NA,10,27.4,45.3,27.3,NA,NA,NA,NA,NA,NA,5.11,NA,NA
thuringerschiefer17,silt_loam,NA,NA,10,22.45,51.55,26,NA,NA,NA,NA,NA,NA,5.27,NA,NA
thuringerschiefer18,loam,NA,NA,10,26.95,47.6,25.45,NA,NA,NA,NA,NA,NA,5.4,NA,NA
thuringerschiefer11,silt_loam,NA,NA,10,17.6,55.2,27.2,NA,NA,NA,NA,NA,NA,5.6,NA,NA
thuringerschiefer15,loam,NA,NA,10,34.35,42.3,23.35,NA,NA,NA,NA,NA,NA,5.6,NA,NA
thuringerschiefer9,clay_loam,NA,NA,10,22.32703,50.48133,27.19163,NA,NA,NA,NA,NA,NA,5.79,NA,NA
thuringerschiefer3,silt_loam,NA,NA,10,24.56516,51.67985,23.75497,NA,NA,NA,NA,NA,NA,5.85,NA,NA
bace,NA,auyeung_et_al_2012,NA,NA,45,46,9,980000,NA,NA,NA,NA,NA,5.9,NA,mesic_typic_dystrudepts
massif_central_fc,sandy_clay_loam,zwicke_et_al_2013,NA,NA,53.76,22.69,23.55,NA,NA,NA,NA,NA,NA,5.9,NA,NA
massif_central_ic,sandy_clay_loam,zwicke_et_al_2013,NA,NA,53.76,22.69,23.55,NA,NA,NA,NA,NA,NA,5.9,NA,NA
jema,sandy_clay,longepierre_et_al_2016,NA,NA,65,12,23,NA,0.025,NA,NA,NA,NA,6,NA,NA
soyfacemaiz2,silt,peralta_and_wander_2008,NA,NA,NA,NA,NA,NA,NA,NA,NA,NA,NA,6,NA,NA
soyfacemaiz4,silt,peralta_and_wander_2008,NA,NA,NA,NA,NA,NA,NA,NA,NA,NA,NA,6,NA,NA
soyfacesoy1,silt,peralta_and_wander_2008,NA,NA,NA,NA,NA,NA,NA,NA,NA,NA,NA,6,NA,NA
soyfacesoy2,silt,peralta_and_wander_2008,NA,NA,NA,NA,NA,NA,NA,NA,NA,NA,NA,6,NA,NA
soyfacesoy3,silt,peralta_and_wander_2008,NA,NA,NA,NA,NA,1420000,NA,NA,NA,NA,NA,6,NA,NA
soyfacesoy5,silt,peralta_and_wander_2008,NA,NA,NA,NA,NA,NA,NA,NA,NA,NA,NA,6,NA,NA
soyfacesoy6,silt,peralta_and_wander_2008,NA,NA,NA,NA,NA,NA,NA,NA,NA,NA,NA,6,NA,NA
soyfacesoy8,silt,peralta_and_wander_2008,NA,NA,NA,NA,NA,NA,NA,NA,NA,NA,NA,6,NA,NA
thuringerschiefer1,silt_loam,NA,NA,10,23.68026,51.33311,24.98661,NA,NA,NA,NA,NA,NA,6,NA,NA
thuringerschiefer2,loam,NA,NA,10,29.44912,46.17149,24.37937,NA,NA,NA,NA,NA,NA,6.11,NA,NA
thuringerschiefer8,loam,NA,NA,10,36.3,42.5,21.2,NA,NA,NA,NA,NA,NA,6.28,NA,NA
ua_08,NA,zavalloni_et_al_2008,2006,NA,8.74,76.3,14.8,NA,NA,NA,0.016,0.0017,9.411764706,6.45,NA,NA
silwood,sandy_loam,manning_et_al_2006,NA,NA,41,44,15,NA,NA,NA,0.0144,0.0012,12,6.59,NA,NA
agroscope,NA,deleglise_et_al_2015,NA,NA,24,44,32,NA,NA,NA,NA,NA,NA,6.6,NA,eutric_cambisol
imgers_pooled_2005,sandy_loam,steffens_et_al_2008,2005,NA,68.1,20.9,11,NA,NA,0.017,NA,0.00174,NA,NA,6.6,NA
riceface_nianyufarm_2001,NA,yang_et_al_2007,2001-2003,NA,9.2,65.7,25.1,1200000,NA,0.015,NA,0.00159,NA,6.8,NA,stagnic_anthrosols_(local_name_huangni_soil)
duolun6,NA,jiang_et_al_2014,NA,NA,62.75,20.3,16.95,1310000,NA,NA,NA,NA,NA,6.84,NA,calci_orthic_aridisol
duolun8,NA,zhang_et_al_2013,NA,NA,62.75,20.3,16.95,1310000,NA,NA,NA,NA,NA,6.84,NA,calcic_luvisol
sandplains_bromus,loamy_sand,sheaffer_et_al_1992,NA,NA,NA,NA,NA,NA,NA,NA,NA,NA,NA,6.9,NA,NA
sandplains_dactylis,loamy_sand,sheaffer_et_al_1992,NA,NA,NA,NA,NA,NA,NA,NA,NA,NA,NA,6.9,NA,NA
sandplains_phalaris,loamy_sand,sheaffer_et_al_1992,NA,NA,NA,NA,NA,NA,NA,NA,NA,NA,NA,6.9,NA,NA
sandplains_phleum,loamy_sand,sheaffer_et_al_1992,NA,NA,NA,NA,NA,NA,NA,NA,NA,NA,NA,6.9,NA,NA
becker,loamy_sand,sheaffer_and_seguin_2009,NA,NA,NA,NA,NA,NA,NA,NA,NA,NA,NA,7,NA,NA
hohenheim_2009,silt_loam,poll_et_al_2013,NA,NA,NA,NA,NA,NA,NA,0.0121,NA,NA,NA,7,NA,loess-derived_stagnic_luvisol_wth_silt_loam_texture
duolun1,NA,bi_et_al_2011,NA,NA,62.8,20.3,16.9,1300000,NA,NA,NA,NA,NA,7.1,NA,haplic_calcisol
riceface_zhongcun_2004,sandy_loam,guo_et_al_2015b,2004,NA,57.8,28.5,13.6,1160000,NA,0.0184,NA,0.00145,NA,7.2,NA,calcareous;shajiang_aquic_cambisols
imgers_ng_2007b,NA,lu_et_al_2012,2008,NA,NA,NA,NA,1290000,NA,NA,NA,NA,NA,7.2,NA,calci_orthic_aridisol
bayreuth_event3,silt_loam,beierkuhnlein_et_al_2011,NA,NA,NA,NA,NA,NA,NA,NA,0.0189,0.0015,12.6,7.27,NA,NA
ua2010,sand,van_de_velde_et_al_2015,2010,NA,93.2,4.6,2.2,NA,NA,0.01,NA,0.00042,NA,7.6,NA,NA
ua2009au,sand,de_boeck_et_al_2011,2008,80,96,1.5,2.5,NA,NA,NA,0.0103,NA,NA,7.6,NA,NA
ua2009sp,sand,de_boeck_et_al_2011,2008,80,96,1.5,2.5,NA,NA,NA,0.0103,NA,NA,7.6,NA,NA
ua2009su,sand,de_boeck_et_al_2011,2008,80,96,1.5,2.5,NA,NA,NA,0.0103,NA,NA,7.6,NA,NA
capo_caccia2007,sandy_loam,de_dato_et_al_2013,NA,NA,NA,NA,NA,1100000,NA,NA,NA,NA,NA,7.7,NA,NA
garraf,loam,NA,NA,NA,42.9,38.7,18.4,NA,NA,NA,NA,NA,NA,8.1,NA,NA
kpbs,silty_clay_loam,harper_et_al_2005,NA,NA,8,60,32,NA,NA,NA,NA,NA,NA,NA,NA,NA
hohenheim_roof,silt_loam,NA,NA,NA,9,69,22,NA,NA,NA,NA,NA,NA,NA,NA,NA
47.82_133.67,NA,wang_et_al_2013,2010,NA,15,66,19,NA,NA,NA,NA,NA,NA,5.3,NA,NA
irri_1994wet,NA,gaihre_et_al_2014,NA,NA,17.5,44,22.5,1150000,NA,0.0125,NA,0.0015,8.33,6.6,NA,aquandic_epiaquoll
irri_1995dry,NA,gaihre_et_al_2014,NA,NA,17.5,44,22.5,1150000,NA,0.0125,NA,0.0015,8.33,6.6,NA,aquandic_epiaquoll
irri_2010wet,NA,gaihre_et_al_2014,NA,NA,17.5,44,22.5,1150000,NA,0.0125,NA,0.0015,8.33,6.6,NA,aquandic_epiaquoll
irri_2011dry,NA,gaihre_et_al_2014,NA,NA,17.5,44,22.5,1150000,NA,0.0125,NA,0.0015,8.33,6.6,NA,aquandic_epiaquoll
matta,clay,NA,NA,NA,19,29.2,51.8,NA,NA,NA,NA,NA,NA,NA,NA,NA
aksu,loam,li_et_al_2012,NA,NA,20,75,5,NA,NA,NA,NA,NA,NA,NA,NA,NA
lahav,clay_loam,NA,NA,NA,22.6,39.7,37.7,NA,NA,NA,NA,NA,NA,NA,NA,NA
pinemap_virginia,silt_loam,will_et_al_2015,2012,NA,25.1,42,32.9,NA,NA,NA,0.0235,0.00085,27.64705882,4.22,NA,NA
puechabon,silty_clay_loam,gavinet_et_al_2019,NA,NA,26,35.2,38.8,NA,NA,NA,NA,NA,NA,NA,NA,NA
puechabon_state_forest,silty_clay_loam,limousin_et_al_2009,2003,NA,26,38.8,35.2,NA,NA,NA,NA,NA,NA,NA,NA,NA
alberta,NA,flanagan_et_al_2013,2011,NA,28.8,40,31.2,NA,0.052,NA,NA,NA,NA,NA,NA,orthic_dark-brown_chernozem
ngpl,clay_loam,NA,NA,NA,28.8,40,31.2,NA,NA,NA,NA,NA,NA,NA,NA,NA
freiburg,NA,kubert_et_al_2019,NA,20,30,51,20,NA,0.05,0.027,0.027,0.0021,12.85714286,NA,NA,anthrosol
sulawesi,clay_loam,moser_et_al_2014,2007,NA,30,40,30,NA,NA,NA,NA,NA,13,4.4,NA,NA
reckenholz,NA,hofer_et_al_2017,NA,NA,32,42,26,NA,0.028,NA,NA,NA,NA,6.9,NA,brown_earth
jbpf,clay_loam,mariotte_et_al_2017,NA,NA,34,31,35,NA,NA,NA,NA,NA,NA,NA,NA,NA
riceface_zhongcun_2013,sandy_loam,chen_et_al_2015,2002,NA,35,NA,NA,1160000,NA,0.0184,NA,0.00145,12.68965517,6.8,NA,shajiang-qquic_cambisol
gpa,silt_loam,NA,NA,NA,35.3,55,9.7,NA,NA,NA,NA,NA,NA,NA,NA,NA
kffl,silt_loam,NA,NA,NA,36,55,10,NA,NA,NA,NA,NA,NA,NA,NA,NA
riceface_japan_a_1999_3538_13960,NA,yamakawa_et_al_2004,1999,NA,36,40,23,NA,NA,NA,NA,NA,10.86294416,NA,NA,fluvisol
songen,NA,zhang_et_al_2015,2010,NA,36,40,23,NA,NA,NA,0.0214,0.00197,10.86294416,NA,NA,fluvisol;soda-saline
kisa_grahamiana,NA,bunemann_et_al_2004,1997,NA,37,24,39,NA,NA,NA,NA,NA,NA,NA,NA,kaolinitic_isohyperthermic_kandiudalfic_eutrudox
kisa_mays,NA,bunemann_et_al_2004,1997,NA,37,24,39,NA,NA,NA,NA,NA,NA,NA,NA,kaolinitic_isohyperthermic_kandiudalfic_eutrudox
pinemap_georgia,clay_loam,will_et_al_2015,2012,NA,37.6,35.2,27.2,NA,NA,NA,0.012,0.000685,17.51824818,4.84,NA,NA
aranjuez,sandy_loam,ladron_de_guevara_et_al_2014,NA,30,42.6,52.2,5.2,NA,NA,NA,NA,NA,NA,NA,NA,NA
riceface_shizukuishi_a_2000,NA,anten_et_al_2003,2000,NA,43,31,26,NA,NA,NA,NA,NA,16.06625259,6.3,NA,andosol_paddy_soil
prades,loam,NA,NA,100,45,34,21,NA,NA,NA,NA,NA,NA,NA,NA,NA
almeria,sandy_loam,NA,NA,30,47.4,46.5,6.1,NA,NA,NA,NA,NA,NA,NA,NA,NA
massif_central_extreme,sandy_loam,zwicke_et_al_2013,NA,NA,50,24,25,NA,NA,NA,NA,NA,9.6,5.9,NA,NA
sulawesicacao,sandy_loam,van_straaten_et_al_2010,NA,100,55,29.65,15.4,1310000,NA,NA,0.0107,0.001,10.7,5.6,NA,NA
clermont,sandy_clay_loam,NA,NA,NA,58.6,21.4,20,NA,NA,NA,NA,NA,NA,NA,NA,NA
redon,NA,roy_et_al_2016,NA,NA,59.5,19.2,21.4,NA,NA,NA,NA,NA,NA,5.9,NA,cambisol
imgers_2007,sandy_clay_loam,peng_et_al_2011,2007,NA,60,19,21,NA,NA,0.0199,NA,0.00188,10.6,NA,NA,calci_orthic_aridisol
balsablanca,sandy_loam,NA,NA,30,61.4,24,14.6,NA,NA,NA,NA,NA,NA,NA,NA,NA
balsablanca_alt50,sandy_loam,NA,NA,30,61.4,24,14.6,NA,NA,NA,NA,NA,NA,NA,NA,NA
balsablanca_alt75,sandy_loam,NA,NA,30,61.4,24,14.6,NA,NA,NA,NA,NA,NA,NA,NA,NA
bigbend,sandy_loam,NA,NA,NA,62,30,8,NA,NA,NA,NA,NA,NA,NA,NA,NA
phace,loam,dijkstra_et_al_2012,NA,NA,62,23,15,1200000,NA,NA,NA,NA,11.67578125,NA,NA,fine_loamy_mixed_mesic_aridic_argiustoll
pinemap_oklahoma,sandy_loam,will_et_al_2015,2012,NA,62.2,25.6,12.2,NA,NA,NA,0.00865,0.0006,14.41666667,4.65,NA,fine_sandy_loam
duolun4,NA,chen_et_al_2009,NA,NA,62.75,20.3,16.95,1310000,NA,NA,NA,NA,NA,NA,NA,calcic_luvisol
duolun7,NA,niu_et_al_2010,2005,NA,62.75,20.3,16.95,NA,NA,0.01228,NA,0.00028,NA,7.12,NA,haplic_calcisols
flakaliden,sandy_loam,hyvoenen_et_al_2008,2003,NA,63.98080682,32.80036575,3.218827433,NA,0.054996743,0.027518949,0.027518949,0.091479179,27.6,5,NA,NA
rosinedal,sandy_loam,lim_et_al_2017,NA,NA,63.98080682,32.80036575,3.218827433,NA,0.054996743,0.027518949,0.027518949,0.091479179,27.6,5,NA,NA
haskell_greenhouse,NA,leskovsek_et_al_2012,2009,NA,64,20,16,NA,0.036,NA,NA,NA,NA,6.6,NA,cumulic_haplustoll
quintos_de_mora,sandy_loam,hinojosa_et_al_2016,NA,NA,68,18,14,NA,NA,NA,NA,NA,11.5,6.5,NA,NA
sevilleta1,sandy_loam,NA,NA,40,68,22,10,NA,NA,NA,NA,NA,NA,NA,NA,NA
sevilleta2,sandy_loam,NA,NA,40,68,22,10,NA,NA,NA,NA,NA,NA,NA,NA,NA
imgers_hg_d_2007,sandy_loam,gong_et_al_2015,2007,NA,68.1,20.9,11,NA,NA,NA,NA,NA,NA,6.6,NA,NA
imgers_hg_d_2008,sandy_loam,gong_et_al_2015,2007,NA,68.1,20.9,11,NA,NA,NA,NA,NA,NA,6.6,NA,NA
imgers_lg_d_2007,sandy_loam,gong_et_al_2015,2007,NA,68.1,20.9,11,NA,NA,NA,NA,NA,NA,6.6,NA,NA
imgers_lg_d_2008,sandy_loam,gong_et_al_2015,2007,NA,68.1,20.9,11,NA,NA,NA,NA,NA,NA,6.6,NA,NA
imgers_mg_d_2007,sandy_loam,gong_et_al_2015,2007,NA,68.1,20.9,11,NA,NA,NA,NA,NA,NA,6.6,NA,NA
imgers_mg_d_2008,sandy_loam,gong_et_al_2015,2007,NA,68.1,20.9,11,NA,NA,NA,NA,NA,NA,6.6,NA,NA
imgers_ng_d_2007,sandy_loam,gong_et_al_2015,2007,NA,68.1,20.9,11,NA,NA,NA,NA,NA,NA,6.6,NA,NA
imgers_ng_d_2008,sandy_loam,gong_et_al_2015,2007,NA,68.1,20.9,11,NA,NA,NA,NA,NA,NA,6.6,NA,NA
losalamos2012,clay_loam,grossiord_et_al_2018,NA,NA,70,15,15,NA,NA,NA,NA,NA,NA,NA,NA,NA
paracou,NA,bréchet_et_al_2019,2017,NA,77.84,5.525,16.635,NA,0.029585,0.0171,0.0171,0.0012,14.25,NA,NA,nutrient-poor_acrisols
caxiuana,sandy_loam,fisher_et_al_2007,2001,NA,78,15,7,NA,NA,NA,NA,NA,NA,NA,NA,NA
eucface,loamy_sand,jiang_et_al_2020,NA,NA,80,15,5,1596667,NA,NA,NA,NA,14.70816667,5.57,NA,NA
herdade,loamy_sand,NA,NA,NA,81,14,5,NA,NA,NA,NA,NA,NA,NA,NA,NA
bayreuth_event1,loamy_sand,mirzaei_et_al_2008,NA,NA,82,13,5,NA,NA,NA,NA,NA,NA,NA,NA,NA
bayreuth_event1_g,loamy_sand,kreyling_et_al_2008,NA,NA,82,13,5,NA,NA,NA,NA,0.0007,NA,NA,NA,NA
bayreuth_event1_h,loamy_sand,kreyling_et_al_2008,NA,NA,82,13,5,NA,NA,NA,NA,0.0007,NA,NA,NA,NA
garraf,NA,ignace_et_al_2007,2001,NA,84,6,10,NA,NA,NA,NA,NA,NA,NA,NA,holocene_aged_alluvial_surface_poorly_developed_and_textually_homogenous_soil
climaite,sand,NA,NA,30,88.02052,9.6699,2.30527,NA,NA,NA,NA,NA,NA,NA,NA,NA
ua2008,sand,dreesen_et_al_2012,2008,80,96,1.5,2.5,NA,NA,NA,0.013,NA,NA,NA,NA,NA
kiskunsag,sand,NA,NA,NA,97.2,1.4,1.4,NA,NA,NA,NA,NA,NA,NA,NA,NA
pinemap_florida,sand,will_et_al_2015,2012,NA,97.2,1.4,1.4,NA,NA,NA,0.0168,0.000585,28.71794872,5.53,NA,fine_sand
turkeypoint,sand,NA,NA,30,98,1,1,NA,NA,NA,NA,NA,NA,NA,NA,NA
10.27_52.18,loamy_sand,NA,NA,NA,NA,NA,NA,NA,NA,NA,NA,NA,NA,NA,NA,NA
10.52_52.27,sandy_loam,NA,NA,NA,NA,NA,NA,NA,NA,NA,NA,NA,NA,NA,NA,NA
11.18_7.63,silt_loam,NA,NA,NA,NA,NA,NA,NA,NA,NA,NA,NA,NA,NA,NA,NA
17.35_78.51,sandy_loam,NA,NA,NA,NA,NA,NA,NA,NA,NA,NA,NA,NA,NA,NA,NA
29.72_-95.34,clay,NA,NA,NA,NA,NA,NA,NA,NA,NA,NA,NA,NA,NA,NA,expansive_lake_charles_clay_vertisols
33.45_-88.79,sand,NA,NA,NA,NA,NA,NA,NA,NA,NA,NA,NA,NA,NA,NA,NA
-33.61_150.74,loamy_sand,NA,NA,NA,NA,NA,NA,NA,NA,NA,NA,NA,NA,NA,NA,NA
-33.77_151.11,sand,NA,NA,NA,NA,NA,NA,NA,NA,NA,NA,NA,NA,NA,NA,NA
-33.86_151.21,sandy_clay_loam,NA,NA,NA,NA,NA,NA,NA,NA,NA,NA,NA,NA,NA,NA,NA
34.2_106.43,sand,NA,NA,NA,NA,NA,NA,NA,NA,NA,NA,NA,NA,NA,NA,NA
34.24_108.06_cotton,loam,NA,NA,NA,NA,NA,NA,NA,NA,NA,NA,NA,NA,NA,NA,NA
34.24_108.06_maize,loam,NA,NA,NA,NA,NA,NA,NA,NA,NA,NA,NA,NA,NA,NA,NA
34.24_108.06_wheat,loam,NA,NA,NA,NA,NA,NA,NA,NA,NA,NA,NA,NA,NA,NA,NA
34.26_108.07,organic,NA,NA,NA,NA,NA,NA,NA,NA,NA,NA,NA,NA,NA,NA,peat-moss
35.03_-97.48,silt_loam,NA,NA,NA,NA,NA,NA,NA,NA,NA,NA,NA,NA,NA,NA,NA
35.2_-101.91,sand,NA,NA,NA,NA,NA,NA,NA,NA,NA,NA,NA,NA,NA,NA,kendrick_fine_sand
36.01_-78.93,sandy_loam,NA,NA,NA,NA,NA,NA,NA,NA,NA,NA,NA,NA,NA,NA,NA
37.54_-122.19,NA,NA,NA,NA,NA,NA,NA,NA,NA,NA,NA,NA,NA,NA,NA,typic_haplustept
-37.54_145.8,sand,NA,NA,NA,NA,NA,NA,NA,NA,NA,NA,NA,NA,NA,NA,NA
39.09_-96.58,silty_clay_loam,NA,NA,NA,NA,NA,NA,NA,NA,NA,NA,NA,NA,NA,NA,NA
39.19_-96.58,organic,NA,NA,NA,NA,NA,NA,NA,NA,NA,NA,NA,NA,NA,NA,potting_soil
39.8_116.47_leymus,NA,song_et_al_2016,NA,NA,NA,NA,NA,NA,NA,0.0123,NA,0.00145,8.482758621,NA,NA,obtained_from_a_natural_field_grassland
4.58_50.69,organic,NA,NA,NA,NA,NA,NA,NA,NA,NA,NA,NA,NA,NA,NA,potting_soil
40.4_-86.9,sandy_loam,NA,NA,NA,NA,NA,NA,NA,NA,NA,NA,NA,NA,NA,NA,NA
40_116.36,NA,NA,NA,NA,NA,NA,NA,NA,NA,NA,NA,NA,NA,NA,NA,paddy_soil
41.2_-95.96,NA,NA,NA,NA,NA,NA,NA,NA,NA,NA,NA,NA,NA,NA,NA,peat_sand_3:6
-43.03_171.76,silt_loam,NA,NA,NA,NA,NA,NA,NA,NA,NA,NA,NA,NA,NA,NA,NA
47.26_8.31,sandy_loam,NA,NA,NA,NA,NA,NA,NA,NA,NA,NA,NA,NA,NA,NA,NA
48.42_-89.26_2004,organic,NA,NA,NA,NA,NA,NA,NA,NA,NA,NA,NA,NA,NA,NA,peat_moss_and_vermiculite
48.42_-89.26_2005,organic,NA,NA,NA,NA,NA,NA,NA,NA,NA,NA,NA,NA,NA,NA,peat_moss_and_vermiculite
48.42_-89.26_black_spruce_2003,organic,NA,NA,NA,NA,NA,NA,NA,NA,NA,NA,NA,NA,NA,NA,peat_moss_and_vermiculite
48.42_-89.26_jack_pine_2003,organic,NA,NA,NA,NA,NA,NA,NA,NA,NA,NA,NA,NA,NA,NA,peat_moss_and_vermiculite
48.42_-89.26_white_birch_2003,organic,NA,NA,NA,NA,NA,NA,NA,NA,NA,NA,NA,NA,NA,NA,peat_moss_and_vermiculite
48.42_-89.26_white_spruce_2003,organic,NA,NA,NA,NA,NA,NA,NA,NA,NA,NA,NA,NA,NA,NA,peat_moss_and_vermiculite
50.55_11.35,loam,NA,NA,NA,NA,NA,NA,NA,NA,NA,NA,NA,NA,NA,NA,NA
50.58_3.48,organic,NA,NA,NA,NA,NA,NA,NA,NA,NA,NA,NA,NA,NA,NA,standard_potting_soil
51.08_-114.13,organic,NA,NA,NA,NA,NA,NA,NA,NA,NA,NA,NA,NA,NA,NA,peat_moss
56.17_10.2,organic,NA,NA,NA,NA,NA,NA,NA,NA,NA,NA,NA,NA,NA,NA,commercial_peat
abag,NA,bai_et_al_2009,NA,NA,NA,NA,NA,NA,NA,NA,NA,NA,NA,NA,NA,calci_orthic_aridisol
adelaide_puls,sandy_loam,bowles_et_al_2017,NA,NA,NA,NA,NA,NA,NA,NA,NA,NA,NA,6.2,NA,NA
alaska,NA,NA,NA,NA,NA,NA,NA,NA,NA,NA,NA,NA,NA,NA,NA,typic_cryofluvents
almeria,silt_loam,NA,NA,NA,NA,NA,22,NA,NA,NA,NA,NA,NA,NA,NA,NA
almeria,clay,NA,NA,120,NA,NA,53,NA,NA,NA,NA,NA,NA,NA,NA,NA
almeria,NA,NA,NA,70,NA,NA,NA,NA,NA,NA,NA,NA,NA,NA,NA,NA
almeria,silt_loam,NA,NA,90,NA,NA,NA,NA,NA,NA,NA,NA,NA,NA,NA,NA
almeria,NA,NA,NA,NA,NA,NA,NA,NA,NA,NA,NA,NA,NA,NA,NA,NA
almeria,clay_loam,NA,NA,NA,NA,NA,NA,NA,NA,NA,NA,NA,NA,NA,NA,NA
alp_weissenstein,sandy_loam,NA,NA,30,NA,NA,10,NA,NA,NA,NA,NA,NA,NA,NA,NA
andes,NA,homeier_et_al_2012,2009,NA,NA,NA,NA,NA,NA,NA,NA,NA,NA,NA,NA,cambisols_developed_on_paleozoic_metamorphosed_schists_and_sandstones
ardmore,NA,NA,NA,NA,NA,NA,NA,NA,NA,NA,NA,NA,NA,NA,NA,normangee
asa,NA,hyvoenen_et_al_2008,2003,NA,NA,NA,NA,NA,NA,NA,NA,NA,NA,NA,NA,cambisols
aseda,NA,hyvoenen_et_al_2008,2003,NA,NA,NA,NA,NA,NA,NA,NA,NA,NA,NA,NA,cambisols
axalp_abies,NA,braun_et_al_2010,1992,NA,NA,NA,NA,NA,NA,NA,NA,NA,18.5,6.8,NA,rendzic_leptosol
bangorface,NA,NA,NA,NA,NA,NA,NA,NA,NA,NA,NA,NA,NA,NA,NA,dystric_cambisol
bayreuth_event1,loamy_sand,NA,NA,NA,NA,NA,NA,NA,NA,NA,NA,NA,NA,NA,NA,NA
bergur,sandy_loam,NA,NA,NA,NA,NA,NA,NA,NA,NA,NA,NA,NA,NA,NA,humous_sandy_loam
biforface,NA,NA,NA,NA,NA,NA,NA,NA,NA,NA,NA,NA,NA,NA,NA,orthic_luvisol
birmensdorf,sandy_loam,NA,NA,NA,NA,NA,NA,NA,NA,NA,NA,NA,NA,NA,NA,NA
birmensdorf_a,sandy_loam,NA,NA,NA,NA,NA,NA,NA,NA,NA,NA,NA,NA,NA,NA,NA
birmensdorf_c,sandy_loam,NA,NA,NA,NA,NA,NA,NA,NA,NA,NA,NA,NA,NA,NA,NA
bister_breite,loamy_sand,zeiter_et_al_2013,NA,NA,NA,NA,NA,NA,NA,NA,NA,NA,15.9,6.9,NA,NA
bister_chumme,loamy_sand,zeiter_et_al_2013,NA,NA,NA,NA,NA,NA,NA,NA,NA,NA,10.7,7.1,NA,NA
bleckstugan,NA,hyvoenen_et_al_2008,2003,NA,NA,NA,NA,NA,NA,NA,NA,NA,NA,NA,NA,cambisols
bonanza_creek_2005,NA,NA,NA,NA,NA,NA,NA,NA,NA,NA,NA,NA,NA,NA,NA,typic_cryofluvents
bordeaux,NA,NA,NA,NA,NA,NA,NA,NA,NA,NA,NA,NA,NA,NA,NA,humic_podzol
boyupbrook,sand,white_et_al_2009,2000,NA,NA,NA,NA,NA,NA,0.0153,NA,0.0008,19.1,NA,NA,NA
braunschweig_cambisol,loamy_sand,NA,NA,NA,NA,NA,NA,NA,NA,NA,NA,NA,NA,NA,NA,NA
braunschweig_chernosem,clay_loam,NA,NA,NA,NA,NA,NA,NA,NA,NA,NA,NA,NA,NA,NA,NA
braunschweig_field,sand,NA,NA,NA,NA,NA,NA,NA,NA,NA,NA,NA,NA,NA,NA,NA
brna,NA,holub_et_al_2012,2004,NA,NA,NA,NA,NA,0.0348,NA,NA,NA,NA,6.1,NA,artificially_prepared_substrate_of_river_sand
canyonlands_national_park,sand,NA,NA,NA,NA,NA,NA,NA,NA,NA,NA,NA,NA,NA,NA,NA
canyonlands_national_park_b,sand,NA,NA,NA,NA,NA,NA,NA,NA,NA,NA,NA,NA,NA,NA,NA
capo_caccia,sandy_loam,NA,NA,NA,NA,NA,NA,NA,NA,NA,NA,NA,NA,NA,NA,NA
cascade_mountains,sandy_loam,NA,NA,NA,NA,NA,NA,NA,NA,NA,NA,NA,NA,NA,NA,NA
casserio,sandy_loam,zeiter_et_al_2013,NA,NA,NA,NA,NA,NA,NA,NA,NA,NA,9.6,5.4,NA,NA
changbai,NA,chen_et_al_2019,NA,NA,NA,NA,NA,NA,NA,NA,NA,NA,NA,NA,NA,eutric_cambisol
changbai_mountain,NA,NA,NA,NA,NA,NA,NA,NA,NA,NA,NA,NA,NA,NA,NA,dark_brown_forest_soil
clocaenog,organic,sowerby_et_al_2008,NA,NA,NA,NA,NA,90000,0.89,NA,NA,NA,37.4,3.9,NA,NA
clocaenog,organic,sowerby_et_al_2008,NA,80,NA,NA,NA,210000,0.41,NA,NA,NA,18.5,3.7,NA,NA
clocaenog,organic,sowerby_et_al_2008,NA,NA,NA,NA,NA,110000,0.65,NA,NA,NA,22.5,3.7,NA,NA
colorado_b,sandy_loam,wertin_et_al_2015,NA,NA,NA,NA,NA,1350000,NA,NA,NA,NA,NA,NA,NA,NA
colorado_c,sandy_loam,wertin_et_al_2015,NA,NA,NA,NA,NA,1350000,NA,NA,NA,NA,NA,NA,NA,NA
combazin,sandy_loam,zeiter_et_al_2013,NA,NA,NA,NA,NA,NA,NA,NA,NA,NA,10,6.5,NA,NA
cotton_33.95_-83.38,sand,NA,NA,NA,NA,NA,NA,NA,NA,NA,NA,NA,NA,NA,NA,NA
cper08,NA,byrne_et_al_2013,NA,NA,NA,NA,NA,NA,NA,NA,NA,NA,NA,NA,NA,aridic_argiustolls
daqinggou,NA,li_et_al_2011,2008,NA,NA,NA,NA,NA,NA,NA,NA,NA,NA,6.6,NA,ustipsamment
drex,NA,shinoda_et_al_2010,NA,NA,NA,NA,NA,NA,NA,NA,NA,NA,NA,NA,NA,kastanozem
duolun_xian,NA,NA,NA,NA,NA,NA,NA,NA,NA,NA,NA,NA,NA,NA,NA,chestnut
erlenbach,sandy_loam,zeiter_et_al_2013,NA,NA,NA,NA,NA,NA,NA,NA,NA,NA,12.6,6.9,NA,NA
euroface_pa,NA,NA,NA,NA,NA,NA,NA,NA,NA,NA,NA,NA,NA,NA,NA,pachic_xerumbrepts
euroface_pooled,loam,NA,NA,NA,NA,NA,NA,NA,NA,NA,NA,NA,NA,NA,NA,NA
faejemyr,organic,lund_et_al_2009,2006,NA,NA,NA,NA,NA,NA,NA,NA,NA,NA,NA,NA,ombrotrophic_bog
farabol,NA,hyvoenen_et_al_2008,2003,NA,NA,NA,NA,NA,NA,NA,NA,NA,NA,NA,NA,cambisols
flakalidenwtc,sandy_loam,NA,NA,NA,NA,NA,NA,NA,NA,NA,NA,NA,NA,NA,NA,NA
foun,sandy_clay_loam,NA,NA,NA,NA,NA,NA,NA,NA,NA,NA,NA,NA,NA,NA,NA
fourier,silty_clay_loam,benot_et_al_2013,NA,NA,NA,NA,NA,NA,0.164,NA,NA,NA,NA,NA,NA,NA
fulophaza,sand,NA,NA,NA,NA,NA,NA,NA,NA,NA,NA,NA,NA,NA,NA,NA
fulophaza_b,sand,NA,NA,NA,NA,NA,NA,NA,NA,NA,NA,NA,NA,NA,NA,NA
fwc,sandy_clay_loam,NA,NA,NA,NA,NA,NA,NA,NA,NA,NA,NA,NA,NA,NA,NA
gaolan,silt_loam,zhang_et_al_2018,2013,NA,NA,NA,NA,NA,NA,0.0075,NA,0.001,NA,8.52,NA,NA
haeggsjoeliden,NA,hyvoenen_et_al_2008,2003,NA,NA,NA,NA,NA,NA,NA,NA,NA,37,4,NA,cambisols
hainich-dun,clay,NA,NA,NA,NA,NA,NA,NA,NA,NA,NA,NA,NA,NA,NA,NA
harbin,NA,ni_et_al_2012,2010,NA,NA,NA,NA,NA,NA,NA,0.0162,0.00126,12.85714286,NA,NA,udic_mollisols
harvard,sandy_loam,NA,NA,NA,NA,NA,NA,NA,NA,NA,NA,NA,NA,NA,NA,fine_sandy_loam
haskell_field,NA,NA,NA,NA,NA,NA,NA,NA,NA,NA,NA,NA,NA,NA,NA,cumulic_haplustoll
hawaii,NA,NA,NA,NA,NA,NA,NA,NA,NA,NA,NA,NA,NA,NA,NA,entisols
hawke,NA,NA,NA,NA,NA,NA,NA,NA,NA,NA,NA,NA,NA,NA,NA,acidic_orthic_brown_soils
hays,NA,byrne_et_al_2013,NA,NA,NA,NA,NA,NA,NA,NA,NA,NA,NA,NA,NA,typic_argiustolls
helsinki,silt_loam,NA,NA,NA,NA,NA,NA,NA,NA,NA,NA,NA,NA,NA,NA,NA
hf_f_mh,sandy_loam,NA,NA,NA,NA,NA,NA,NA,NA,NA,NA,NA,NA,NA,NA,NA
hf_f_pr,sandy_loam,NA,NA,NA,NA,NA,NA,NA,NA,NA,NA,NA,NA,NA,NA,NA
hgc_ap,NA,NA,NA,NA,NA,NA,NA,NA,NA,NA,NA,NA,NA,NA,NA,sand_perlite_peat_1_1_1
hgc_ba,NA,NA,NA,NA,NA,NA,NA,NA,NA,NA,NA,NA,NA,NA,NA,sand_perlite_peat_1_1_1
hgc_bp,NA,NA,NA,NA,NA,NA,NA,NA,NA,NA,NA,NA,NA,NA,NA,sand_perlite_peat_1_1_1
himalaya,clay_loam,NA,NA,NA,NA,NA,NA,NA,NA,NA,NA,NA,NA,NA,NA,NA
himalaya_b,silty_clay,NA,NA,NA,NA,NA,NA,NA,NA,NA,NA,NA,NA,NA,NA,NA
hochwald_sylvatica,NA,braun_et_al_2010,1992,NA,NA,NA,NA,NA,NA,NA,NA,NA,21.1,6.9,NA,rendzic_leptosol
hohenheim_2010,silt_loam,NA,NA,NA,NA,NA,NA,NA,NA,NA,NA,NA,NA,NA,NA,loess-derived_stagnic_luvisol_wth_silt_loam_texture
horsham_face8yl,clay,lam_et_al_2012,NA,NA,NA,NA,37,1300000,NA,0.011,NA,0.0014,7.857142857,8.33,NA,vertosol
horsham_face8yn,clay,lam_et_al_2012,NA,NA,NA,NA,37,1300000,NA,0.011,NA,0.0014,7.857142857,8.33,NA,vertosol
horsham_face9yn,clay,lam_et_al_2012,NA,NA,NA,NA,37,1300000,NA,0.011,NA,0.0014,7.857142857,8.33,NA,vertosol
hunenberg,NA,NA,NA,NA,NA,NA,NA,NA,NA,NA,NA,NA,NA,NA,NA,cambisol
imgers_hg_2006,loamy_sand,gong_et_al_2010,NA,NA,NA,NA,NA,NA,NA,NA,NA,0.0008,NA,NA,NA,loamy_sand_calcic_chernozem
imgers_hg_pulse,NA,chen_et_al_2008,NA,NA,NA,NA,NA,1330000,NA,NA,0.01613,0.00151,10.68211921,NA,NA,chestnut
imgers_mg_2006,loamy_sand,gong_et_al_2010,NA,NA,NA,NA,NA,NA,NA,NA,NA,0.0012,NA,NA,NA,loamy_sand_calcic_chernozem
imgers_ng_pulse,NA,chen_et_al_2008,NA,NA,NA,NA,NA,1210000,NA,NA,0.01911,0.00169,11.30769231,NA,NA,chestnut
imgers_pooled_2006,loamy_sand,gong_et_al_2010,NA,NA,NA,NA,NA,NA,NA,NA,NA,NA,NA,NA,NA,loamy_sand_calcic_chernozem
irvine_ranch_1,sandy_loam,NA,NA,NA,NA,NA,NA,NA,NA,NA,NA,NA,NA,NA,NA,NA
irvine_ranch_2,sandy_loam,NA,NA,NA,NA,NA,NA,NA,NA,NA,NA,NA,NA,NA,NA,NA
itatinga,NA,NA,NA,NA,NA,NA,NA,NA,NA,NA,NA,NA,NA,NA,NA,ferralsols
jaedras,NA,hyvoenen_et_al_2008,2003,NA,NA,NA,NA,NA,NA,NA,NA,NA,NA,NA,NA,cambisols
jilin,NA,NA,NA,NA,NA,NA,NA,NA,NA,NA,NA,NA,NA,NA,NA,sodic_saline_meadow_soil
jornada,sandy_loam,reichmann_et_al_2013,NA,NA,NA,NA,NA,NA,NA,NA,NA,NA,NA,NA,NA,NA
joy_birch,organic,NA,NA,NA,NA,NA,NA,NA,NA,NA,NA,NA,NA,NA,NA,commercial_peat
jrbp_face,NA,NA,NA,NA,NA,NA,NA,NA,NA,NA,NA,NA,NA,NA,NA,thermic_typic_haploxeralfs
jrbp_otc2sand,sand,NA,NA,NA,NA,NA,NA,NA,NA,NA,NA,NA,NA,NA,NA,NA
katelijne_2016,sand,verlinden_et_al_2018,2016,NA,NA,NA,NA,1379000,NA,0.0044,NA,NA,NA,6.84,NA,NA
katelijne_2017,sand,ven_et_al_2019a,2017,NA,NA,NA,NA,1379000,NA,0.0045,NA,NA,NA,6.19,NA,NA
kemijaervi,NA,hyvoenen_et_al_2008,2003,NA,NA,NA,NA,NA,NA,NA,NA,NA,44,4.2,NA,cambisols
kffl09,silt_loam,NA,NA,NA,NA,NA,NA,NA,NA,NA,NA,NA,NA,NA,NA,NA
kiskun_sag,sand,rousk_et_al_2013,2001,NA,NA,NA,NA,NA,NA,NA,NA,NA,NA,NA,NA,NA
konza_2009,silty_clay_loam,NA,NA,NA,NA,NA,NA,NA,NA,NA,NA,NA,NA,NA,NA,NA
krauchthal,loamy_sand,zeiter_et_al_2013,NA,NA,NA,NA,NA,NA,NA,NA,NA,NA,16.5,7,NA,NA
laikipia,NA,ngatia_et_al_2015,2010,NA,NA,NA,NA,NA,NA,NA,NA,NA,NA,6.2,NA,vertilsols
langrivier,NA,lu_et_al_2022,NA,NA,NA,NA,NA,NA,NA,NA,0.01635,0.00084,19.46428571,NA,NA,NA
leuk1,sand,NA,NA,NA,NA,NA,NA,NA,NA,NA,NA,NA,NA,NA,NA,NA
liudaogou,NA,jia_et_al_2012,2011,NA,NA,NA,NA,NA,NA,NA,NA,NA,NA,NA,NA,loessal
loevnaes,NA,hyvoenen_et_al_2008,2003,NA,NA,NA,NA,NA,NA,NA,NA,NA,NA,NA,NA,cambisols
losalamos,clay_loam,NA,NA,NA,NA,NA,NA,NA,NA,NA,NA,NA,NA,NA,NA,NA
luangcheng,loam,liu_et_al_2013,2009,NA,NA,NA,NA,NA,0.0145,NA,NA,0.0011,NA,8.1,NA,NA
luneburg_field_2009,NA,meyer-grunefeldt_et_al_2015,2009,NA,NA,NA,NA,NA,NA,0.363,NA,0.0128,28.359375,3.25,NA,podzol
luneburg_gh_drought_molinia,organic,friedrich_et_al_2012,2008,30,NA,NA,NA,NA,NA,NA,NA,NA,NA,7.1,NA,humus
lurengo_abies,NA,braun_et_al_2010,1992,NA,NA,NA,NA,NA,NA,NA,NA,0.0115,23.3,4.1,NA,ferralic_cambisol
maoershan_larix,NA,NA,NA,NA,NA,NA,NA,NA,NA,NA,NA,NA,NA,NA,NA,hap-boric_luvisol
maricopaface_wheat93,clay_loam,NA,NA,NA,NA,NA,NA,NA,NA,NA,NA,NA,NA,NA,NA,NA
maricopaface_wheat94,clay_loam,NA,NA,NA,NA,NA,NA,NA,NA,NA,NA,NA,NA,NA,NA,NA
maricopaface_wheat96,clay_loam,NA,NA,NA,NA,NA,NA,NA,NA,NA,NA,NA,NA,NA,NA,NA
maricopaface_wheat97,clay_loam,NA,NA,NA,NA,NA,NA,NA,NA,NA,NA,NA,NA,NA,NA,NA
massachusetts,sandy_loam,NA,NA,NA,NA,NA,NA,NA,NA,NA,NA,NA,NA,NA,NA,NA
mbs_pt2,sand,NA,NA,NA,NA,NA,NA,NA,NA,NA,NA,NA,NA,NA,NA,NA
mend,NA,wilsey_et_al_2013,NA,NA,NA,NA,NA,NA,NA,NA,NA,NA,NA,NA,NA,vertisol_ustert
mes,NA,yin_et_al_2013,2007,NA,NA,NA,NA,890000,NA,NA,0.078,0.0045,17.33333333,5.5,NA,NA
moehlin_sylvatica,NA,braun_et_al_2010,1992,NA,NA,NA,NA,NA,NA,NA,NA,0.0137,20.1,3.8,NA,haplic_acrisol
mols,sand,NA,NA,NA,NA,NA,NA,NA,NA,NA,NA,NA,NA,NA,NA,NA
mongolia,sand,lu_et_al_2011,2008,NA,NA,NA,NA,NA,NA,NA,NA,NA,NA,NA,NA,calci_orthic_aridisol
monthey,sandy_loam,zeiter_et_al_2013,NA,NA,NA,NA,NA,NA,NA,NA,NA,NA,9.9,6.3,NA,NA
munchen,sandy_loam,taeger_et_al_2015,NA,NA,NA,NA,NA,NA,NA,NA,NA,NA,NA,NA,NA,NA
munich,sandy_loam,zhang_et_al_2019,NA,NA,NA,NA,NA,NA,NA,NA,NA,NA,NA,NA,NA,sandy_loam_to_loamy_sand
negrentino,sandy_loam,zeiter_et_al_2013,NA,NA,NA,NA,NA,NA,NA,NA,NA,NA,9.5,5.2,NA,NA
nemitz,NA,meyer-grunefeldt_et_al_2015,2009,NA,NA,NA,NA,NA,NA,0.413,NA,0.0133,NA,4.2,NA,podzol
norraeker,NA,hyvoenen_et_al_2008,2003,NA,NA,NA,NA,NA,NA,NA,NA,NA,37,4.4,NA,cambisols
norrliden,NA,hyvoenen_et_al_2008,2003,NA,NA,NA,NA,NA,NA,NA,NA,NA,35,4.12,NA,cambisols
orsay_glasshouse_2006,sandy_loam,NA,NA,NA,NA,NA,NA,NA,NA,NA,NA,NA,NA,NA,NA,NA
orsay_glasshouse_2013,sandy_loam,NA,NA,NA,NA,NA,NA,NA,NA,NA,NA,NA,NA,NA,NA,NA
patagonia,sand,NA,NA,NA,NA,NA,NA,NA,NA,NA,NA,NA,NA,NA,NA,NA
pepeekeo,NA,NA,NA,NA,NA,NA,NA,NA,NA,NA,NA,NA,NA,NA,NA,typic_hydrudands
pinos,silt_loam,limousin_et_al_2015,NA,NA,NA,NA,NA,NA,NA,NA,NA,NA,NA,NA,NA,NA
pree,clay_loam,zeiter_et_al_2013,NA,NA,NA,NA,NA,NA,NA,NA,NA,NA,12.1,6,NA,NA
quebrada,sand,leon_et_al_2010,NA,NA,NA,NA,NA,NA,NA,NA,NA,NA,NA,NA,NA,NA
quinta,NA,katterer_et_al_1995,1986,NA,NA,NA,NA,NA,NA,NA,0.00255,0.000225,11.33333333,6,NA,podzol
roetiboden_abies,NA,braun_et_al_2010,1992,NA,NA,NA,NA,NA,NA,NA,NA,NA,25.4,3.3,NA,cambic_podzol
rothamsted,silty_clay_loam,barraclough_et_al_1989,NA,NA,NA,NA,NA,NA,NA,NA,NA,NA,NA,NA,NA,flinty_silty_clay_loam_(batcombe_series)
russel,silt_loam,skinner_et_al_2004,NA,NA,NA,NA,NA,NA,NA,NA,NA,NA,NA,NA,NA,NA
sand,clay,NA,NA,30,NA,NA,NA,NA,NA,NA,NA,NA,NA,NA,NA,NA
sankan,clay,NA,NA,120,NA,NA,53,NA,NA,NA,NA,NA,NA,NA,NA,NA
santa_ana_foothills_grassland,sandy_loam,alster_et_al_2013,2010,NA,NA,NA,NA,NA,NA,NA,NA,NA,NA,6.8,NA,NA
santa_ana_foothills_shrubland,sandy_loam,NA,NA,NA,NA,NA,NA,NA,NA,NA,NA,NA,NA,NA,NA,NA
sarobetsu,organic,NA,NA,NA,NA,NA,NA,NA,NA,NA,NA,NA,NA,NA,NA,sphagnum_peat_bog
satara,clay_loam,koerner_&_collins_2014,NA,NA,NA,NA,NA,NA,NA,NA,NA,NA,NA,NA,NA,NA
schorfheide-chorin,loamy_sand,NA,NA,NA,NA,NA,NA,NA,NA,NA,NA,NA,NA,NA,NA,NA
schwaebische_alb,clay,NA,NA,NA,NA,NA,NA,NA,NA,NA,NA,NA,NA,NA,NA,NA
scottriver,sand,white_et_al_2009,2000,NA,NA,NA,NA,NA,NA,0.0326,NA,0.0011,29.6,NA,NA,NA
sgs,sandy_loam,NA,NA,NA,NA,NA,NA,NA,NA,NA,NA,NA,NA,NA,NA,NA
shaaxi_330,sand,han_et_al_2011,2007,NA,NA,NA,NA,NA,NA,0.00299,NA,0.0003,NA,NA,NA,ust-sandic_entisols
shaaxi_330_bungeana,sand,han_et_al_2011,2007,NA,NA,NA,NA,NA,NA,0.00299,NA,0.0003,NA,NA,NA,ust-sandic_entisols
shaaxi_330_davarica,sand,han_et_al_2011,2007,NA,NA,NA,NA,NA,NA,0.00299,NA,0.0003,NA,NA,NA,ust-sandic_entisols
shaaxi_6,sand,han_et_al_2011,2007,NA,NA,NA,NA,NA,NA,0.00399,NA,0.00036,NA,NA,NA,ust-sandic_entisols
shaaxi_6_bungeana,sand,han_et_al_2011,2007,NA,NA,NA,NA,NA,NA,0.00399,NA,0.00036,NA,NA,NA,ust-sandic_entisols
shaaxi_6_davarica,sand,han_et_al_2011,2007,NA,NA,NA,NA,NA,NA,0.00399,NA,0.00036,NA,NA,NA,ust-sandic_entisols
shaihanba,sand,NA,NA,NA,NA,NA,NA,NA,NA,NA,NA,NA,NA,NA,NA,NA
sjaellirimsheden,NA,hyvoenen_et_al_2008,2003,NA,NA,NA,NA,NA,NA,NA,NA,NA,34,4.85,NA,cambisols
skogaby,NA,hyvoenen_et_al_2008,2003,NA,NA,NA,NA,NA,NA,NA,NA,NA,NA,NA,NA,cambisols
sodankylae,NA,hyvoenen_et_al_2008,2003,NA,NA,NA,NA,NA,NA,NA,NA,NA,44,4.1,NA,cambisols
somazzo,sandy_loam,zeiter_et_al_2013,NA,NA,NA,NA,NA,NA,NA,NA,NA,NA,10.6,5.5,NA,NA
sorbas,NA,ladron_de_guevara_et_al_2014,NA,NA,NA,NA,NA,NA,NA,NA,NA,NA,NA,NA,NA,gypsiric_leptosols
soyfaceb,silt_loam,NA,NA,90,NA,NA,NA,NA,NA,NA,NA,NA,NA,NA,NA,NA
soyfaced,silt_loam,NA,NA,NA,NA,NA,NA,NA,NA,NA,NA,NA,NA,NA,NA,NA
soyfaced_maiz,silt_loam,NA,NA,NA,NA,NA,NA,NA,NA,NA,NA,NA,NA,NA,NA,NA
soyfacetobacco9,silt,NA,NA,NA,NA,NA,NA,NA,NA,NA,NA,NA,NA,NA,NA,NA
st_face_ld,sand,NA,NA,NA,NA,NA,NA,NA,NA,NA,NA,NA,NA,NA,NA,sandy_ranker_and_podzols
st_face_pu,sand,NA,NA,NA,NA,NA,NA,NA,NA,NA,NA,NA,NA,NA,NA,sandy_ranker_and_podzols
storflaket,NA,lund_et_al_2009,2006,NA,NA,NA,NA,NA,NA,NA,NA,NA,NA,NA,NA,dry_to_semi-dry_ombrotrophic
strasan,NA,hyvoenen_et_al_2008,2003,NA,NA,NA,NA,NA,NA,NA,NA,NA,NA,NA,NA,cambisols
stubaim2010,clay,NA,NA,NA,NA,NA,NA,NA,NA,NA,NA,NA,NA,NA,NA,NA
sydney,clay_loam,NA,NA,NA,NA,NA,NA,NA,NA,NA,NA,NA,NA,NA,NA,NA
tabernas,sand,miranda_et_al_2011,NA,NA,NA,NA,NA,NA,NA,NA,NA,NA,NA,NA,NA,NA
tapajos,clay,davidson_et_al_2008,1998,NA,NA,NA,70,NA,NA,NA,NA,NA,NA,4.5,NA,NA
tasface,clay,NA,NA,NA,NA,NA,NA,NA,NA,NA,NA,NA,NA,NA,NA,clayey_black_vertisol
texas,clay_loam,ansley_et_al_2014,NA,NA,NA,NA,NA,NA,NA,NA,NA,NA,NA,NA,NA,fine_smectitic_thermic_typic_paleustalfs_of_the_kamay_series_with_clay_loam_textures
thun,loamy_sand,zeiter_et_al_2013,NA,NA,NA,NA,NA,NA,NA,NA,NA,NA,13.9,6.8,NA,NA
tsu,silty_clay_loam,deng_et_al_2017,2011,NA,NA,NA,NA,NA,NA,NA,0.00237,0.00014,16.92857143,NA,NA,talbott_silt_clay_loam
ultuna,clay,NA,NA,NA,NA,NA,NA,NA,NA,NA,NA,NA,NA,NA,NA,NA
vaquerias,NA,NA,NA,NA,NA,NA,NA,NA,NA,NA,NA,NA,NA,NA,NA,xerosols
vaquerias_b,NA,NA,NA,NA,NA,NA,NA,NA,NA,NA,NA,NA,NA,NA,NA,xerosols
vikki,NA,NA,NA,NA,NA,NA,NA,NA,NA,NA,NA,NA,NA,NA,NA,vertic_stagnosols
walchwil,NA,NA,NA,NA,NA,NA,NA,NA,NA,NA,NA,NA,NA,NA,NA,gleysol
walkerbranch,silt_loam,NA,NA,NA,NA,NA,NA,NA,NA,NA,NA,NA,NA,NA,NA,NA
waurika,NA,NA,NA,NA,NA,NA,NA,NA,NA,NA,NA,NA,NA,NA,NA,zaneis–pawhuska_complex
wengernalp_abies,NA,braun_et_al_2010,1992,NA,NA,NA,NA,NA,NA,NA,NA,NA,21.3,3.7,NA,cambic_podzol
whim,organic,kivimaki_et_al_2013,2008,NA,NA,NA,NA,NA,NA,NA,NA,NA,NA,NA,NA,peat_bog
winnter,silt_loam,NA,NA,NA,NA,NA,NA,NA,NA,NA,NA,NA,NA,NA,NA,NA
wsla,sandy_loam,kuster_et_al_2013,NA,NA,NA,NA,NA,NA,NA,NA,NA,NA,NA,NA,NA,acidic_soil
wslc,sandy_loam,kuster_et_al_2013,NA,NA,NA,NA,NA,NA,NA,NA,NA,NA,NA,NA,NA,calcareous_soil
yunwushan,NA,NA,NA,NA,NA,NA,NA,NA,NA,NA,NA,NA,NA,NA,NA,calci_orthic_aridisol
zackenberg,NA,christiansen_et_al_2012,2009,NA,NA,NA,NA,NA,NA,NA,NA,NA,NA,NA,NA,gravel_mineral_soil
zollikofen,loam,zeiter_et_al_2013,NA,NA,NA,NA,NA,NA,NA,NA,NA,NA,8.1,5.4,NA,NA
zugerberg_sylvatica,NA,braun_et_al_2010,1992,NA,NA,NA,NA,NA,NA,NA,NA,NA,18.5,4,NA,dystric_cambisol
